time,seconds_elapsed,z,y,x
1761399311664125700,0.113125732421875,-0.32409748435020447,0.15353679656982422,-0.5380637645721436
1761399311684256300,0.13325634765625,-0.30770108103752136,0.1513195037841797,-0.5097304582595825
1761399311704418000,0.15341796875,-0.32984042167663574,0.13464069366455078,-0.5553872585296631
1761399311724590000,0.173590087890625,-0.34515225887298584,0.09954452514648438,-0.5922228097915649
1761399311744754000,0.19375390625,-0.3202851414680481,0.07384777069091797,-0.5961974859237671
1761399311764928000,0.213927978515625,-0.26514172554016113,0.06387615203857422,-0.6085422039031982
1761399311785088800,0.2340888671875,-0.2315245121717453,0.09334087371826172,-0.5865668058395386
1761399311805248300,0.254248291015625,-0.2241484820842743,0.11071491241455078,-0.6614830493927002
1761399311825411600,0.27441162109375,-0.19745764136314392,0.08021736145019531,-0.7486999034881592
1761399311845560300,0.294560302734375,-0.16350890696048737,0.12638473510742188,-0.7453889846801758
1761399311865721900,0.314721923828125,-0.17009218037128448,0.12281417846679688,-0.8800646066665649
1761399311885887500,0.334887451171875,-0.20880112051963806,0.15829849243164062,-0.9652655124664307
1761399311906057200,0.35505712890625,-0.22078658640384674,0.1524372100830078,-0.9434676170349121
1761399311926219000,0.375218994140625,-0.15782932937145233,0.11379146575927734,-1.0762380361557007
1761399311946378500,0.39537841796875,-0.015413254499435425,0.0890493392944336,-1.084748387336731
1761399311966530000,0.415530029296875,0.07008272409439087,-0.011904716491699219,-1.0243370532989502
1761399311986700500,0.435700439453125,0.07465654611587524,0.02343463897705078,-1.1083996295928955
1761399312006864400,0.455864501953125,-0.01561594009399414,-0.01823139190673828,-1.3229718208312988
1761399312027025700,0.476025634765625,-0.01778385043144226,0.030043601989746094,-1.2441402673721313
1761399312047185200,0.49618505859375,0.15485769510269165,0.013854026794433594,-1.0222786664962769
1761399312067349000,0.516348876953125,0.3664897680282593,-0.1719799041748047,-1.0464539527893066
1761399312087509500,0.536509521484375,0.4614676237106323,-0.31844615936279297,-1.2244449853897095
1761399312107670500,0.55667041015625,0.5537352561950684,-0.19549274444580078,-1.2234913110733032
1761399312127819500,0.576819580078125,0.6468907594680786,-0.09962272644042969,-1.179388165473938
1761399312147994400,0.596994384765625,1.0588351488113403,-0.520965576171875,-1.1958775520324707
1761399312168132400,0.61713232421875,1.079818606376648,-1.0383310317993164,-1.3653274774551392
1761399312188316400,0.63731640625,-0.0027385950088500977,-0.40793704986572266,-2.045344114303589
1761399312208490800,0.65749072265625,0.3231276273727417,0.22640132904052734,-0.7615399360656738
1761399312228639200,0.67763916015625,0.4741644859313965,-0.06476211547851562,0.2783541679382324
1761399312248806700,0.697806640625,-0.9896199703216553,-0.2544851303100586,0.43157124519348145
1761399312268954000,0.7179541015625,-1.041424036026001,-0.33856773376464844,0.4351005554199219
1761399312289111800,0.73811181640625,-0.40933847427368164,-0.11965274810791016,0.5390768051147461
1761399312309270800,0.758270751953125,-0.013218164443969727,0.6979732513427734,0.7700130939483643
1761399312329434000,0.77843408203125,0.15495681762695312,1.2609882354736328,1.196482539176941
1761399312349595100,0.79859521484375,0.1539931297302246,1.6001553535461426,1.040974736213684
1761399312369754600,0.818754638671875,0.26220178604125977,1.6930837631225586,0.7118324041366577
1761399312389930500,0.838930419921875,0.4887559413909912,1.3674278259277344,0.49580836296081543
1761399312410092000,0.859092041015625,0.5443308353424072,1.1025733947753906,0.3933396339416504
1761399312430260500,0.879260498046875,0.7047808170318604,0.7208375930786133,0.6760575771331787
1761399312450402300,0.89940234375,0.9102745056152344,1.0981674194335938,0.46215367317199707
1761399312470565600,0.919565673828125,0.9900949001312256,1.737917423248291,0.3000516891479492
1761399312490717400,0.939717529296875,1.1861510276794434,2.0878353118896484,0.25544071197509766
1761399312510886000,0.959885986328125,1.4950873851776123,1.8026113510131836,0.19942212104797363
1761399312531060500,0.980060546875,1.5822231769561768,1.2585625648498535,-0.09272456169128418
1761399312551209000,1.000208984375,1.2281177043914795,0.7406787872314453,-0.4581136703491211
1761399312571383000,1.020383056640625,0.9926087856292725,0.5256128311157227,-0.601172924041748
1761399312591523000,1.040523193359375,1.0909473896026611,0.550633430480957,-0.6546051502227783
1761399312611689500,1.060689453125,1.6491503715515137,0.6783437728881836,-0.8136520385742188
1761399312631865300,1.080865234375,2.0742850303649902,0.6218757629394531,-0.8622927665710449
1761399312652028700,1.101028564453125,2.165900945663452,0.5156583786010742,-0.6148624420166016
1761399312672164600,1.12116455078125,2.5374574661254883,-0.41373157501220703,0.014573097229003906
1761399312692349400,1.141349365234375,2.7457776069641113,-4.069499969482422,0.23347830772399902
1761399312712508400,1.16150830078125,3.513798713684082,-6.352910041809082,0.8332736492156982
1761399312732674600,1.181674560546875,2.4677767753601074,-3.700016975402832,1.6133606433868408
1761399312752823000,1.201822998046875,-1.767383337020874,2.8686070442199707,1.4254138469696045
1761399312772984300,1.221984375,-2.710254430770874,6.380062103271484,3.917323112487793
1761399312793158400,1.242158447265625,-3.0660576820373535,3.499711036682129,4.876469612121582
1761399312813320000,1.26231982421875,-4.606923580169678,-3.3005294799804688,2.4890923500061035
1761399312833490200,1.282490234375,-4.753711700439453,-7.172919273376465,-2.3988935947418213
1761399312853642500,1.302642578125,-2.3919811248779297,-1.0438652038574219,-3.0723607540130615
1761399312873803800,1.3228037109375,-1.307199239730835,0.7766914367675781,-0.021099567413330078
1761399312893952800,1.342952880859375,-0.841393768787384,-0.009662628173828125,2.4181227684020996
1761399312914126800,1.363126953125,-0.24092543125152588,-0.13918399810791016,2.7780630588531494
1761399312934284800,1.383284912109375,-0.8189131021499634,-0.1083364486694336,1.7729982137680054
1761399312954448000,1.40344775390625,-0.8005555868148804,0.060314178466796875,1.0686336755752563
1761399312974587400,1.42358740234375,-0.9618269205093384,0.5424747467041016,0.8219647407531738
1761399312994772200,1.443772216796875,-1.5586743354797363,1.2805728912353516,0.2721869945526123
1761399313014931500,1.463931396484375,-2.120823383331299,1.4638071060180664,-1.1043527126312256
1761399313035097600,1.48409765625,-1.3579668998718262,1.163675308227539,-1.9995129108428955
1761399313055256300,1.50425634765625,-0.3493376076221466,0.6593532562255859,-2.0316290855407715
1761399313075415600,1.52441552734375,0.39542028307914734,0.22982120513916016,-0.8936014175415039
1761399313095555800,1.544555908203125,0.9703521728515625,0.0322418212890625,0.053726911544799805
1761399313115729700,1.564729736328125,1.1108428239822388,-0.05624103546142578,0.018544435501098633
1761399313135889400,1.584889404296875,1.3993192911148071,-0.17937564849853516,-0.40771913528442383
1761399313156038100,1.6050380859375,1.173252820968628,0.12492656707763672,0.034219980239868164
1761399313176212000,1.6252119140625,1.2376142740249634,0.3477153778076172,-0.10857748985290527
1761399313196384000,1.645384033203125,1.1911243200302124,0.8517866134643555,-1.1425402164459229
1761399313216545500,1.665545654296875,0.8327413201332092,0.5517072677612305,-2.6074302196502686
1761399313236696000,1.685696044921875,0.5087141990661621,-0.24496078491210938,-2.8234703540802
1761399313256870400,1.705870361328125,1.3423329591751099,-0.7822322845458984,-0.913550853729248
1761399313277032200,1.7260322265625,1.0843138694763184,-1.0204410552978516,-0.05591082572937012
1761399313297180400,1.746180419921875,1.0598119497299194,-1.0517854690551758,-0.609379768371582
1761399313317341700,1.766341796875,1.2091426849365234,-0.9173030853271484,-0.3396461009979248
1761399313337503200,1.786503173828125,0.9313724040985107,-1.1326313018798828,-1.2105090618133545
1761399313357678300,1.80667822265625,0.9861096143722534,-1.7854423522949219,-4.071322441101074
1761399313377825800,1.82682568359375,0.44190508127212524,-1.1767396926879883,-5.131575107574463
1761399313397998000,1.846998046875,0.2722216844558716,-1.5021696090698242,-3.956444501876831
1761399313418161700,1.86716162109375,1.592555284500122,-0.8603639602661133,0.350907564163208
1761399313438312400,1.8873125,2.07014799118042,-2.084294319152832,2.760599374771118
1761399313458482200,1.907482177734375,0.37944889068603516,-3.8217906951904297,4.267899513244629
1761399313478634000,1.927634033203125,-1.1102077960968018,-3.474508285522461,4.013388633728027
1761399313498784800,1.94778466796875,-1.1786246299743652,-1.8620891571044922,1.9485325813293457
1761399313518953500,1.967953369140625,0.004010558128356934,-2.283938407897949,0.23167109489440918
1761399313539129900,1.9881298828125,-0.782440721988678,-2.3405723571777344,0.3860478401184082
1761399313559273000,2.00827294921875,-0.9516705870628357,-1.3594913482666016,1.1919097900390625
1761399313579452400,2.028452392578125,-1.1174787282943726,-0.48581886291503906,1.7702107429504395
1761399313599611600,2.048611572265625,-1.9429314136505127,0.34180736541748047,2.337467670440674
1761399313619763500,2.068763427734375,-2.542811632156372,0.8590545654296875,2.992666006088257
1761399313639934000,2.088933837890625,-2.3495121002197266,1.2142138481140137,3.0847363471984863
1761399313660098000,2.10909814453125,-1.7924261093139648,0.8608055114746094,4.247228622436523
1761399313680247300,2.129247314453125,-1.4866383075714111,1.1580729484558105,4.503262519836426
1761399313700408300,2.149408203125,-1.570360779762268,2.1237998008728027,5.0188517570495605
1761399313720567600,2.169567626953125,-1.9691810607910156,3.229243278503418,4.821516990661621
1761399313740731000,2.18973095703125,-2.082308769226074,3.6628541946411133,4.180390357971191
1761399313760879000,2.209879150390625,-1.8857303857803345,3.6152820587158203,3.0347182750701904
1761399313781064700,2.230064697265625,-0.9316492080688477,3.343292236328125,1.8193466663360596
1761399313801227500,2.2502275390625,0.9127140045166016,2.061523914337158,0.1699662208557129
1761399313821393700,2.2703935546875,3.810072422027588,-0.4325695037841797,-1.8977985382080078
1761399313841539300,2.290539306640625,4.266308307647705,-4.134405136108398,-4.1644415855407715
1761399313861711600,2.310711669921875,4.096286296844482,-5.095063209533691,-4.830111026763916
1761399313881853000,2.33085302734375,3.3427000045776367,-2.0477352142333984,-2.2685885429382324
1761399313902036000,2.351035888671875,2.813875913619995,0.2441883087158203,-0.3693699836730957
1761399313922183200,2.37118310546875,3.0461089611053467,1.736764907836914,0.7703580856323242
1761399313942357500,2.391357421875,2.1214046478271484,-2.4377756118774414,0.5255453586578369
1761399313962506000,2.411506103515625,2.492846965789795,-7.7258148193359375,1.1606831550598145
1761399313982680300,2.431680419921875,-1.4545772075653076,-5.571369171142578,1.7494754791259766
1761399314002828800,2.451828857421875,-3.338287591934204,2.8833417892456055,3.0042812824249268
1761399314022990300,2.471990234375,-3.3820178508758545,4.570232391357422,5.118016242980957
1761399314043149300,2.4921494140625,-4.347108364105225,1.7819385528564453,5.599664688110352
1761399314063303200,2.51230322265625,-5.147892951965332,-1.8715133666992188,3.232491970062256
1761399314083487200,2.5324873046875,-4.074522972106934,-5.397871017456055,-0.2932872772216797
1761399314103646700,2.552646728515625,-2.4138684272766113,-2.0299196243286133,-0.4712200164794922
1761399314123809800,2.572809814453125,-1.9037628173828125,0.03304862976074219,0.7246208190917969
1761399314143946500,2.592946533203125,-0.8036817312240601,0.3630638122558594,2.048020362854004
1761399314164130800,2.613130859375,-0.23286443948745728,-0.2839841842651367,2.4969379901885986
1761399314184293600,2.633293701171875,-0.4568786323070526,-0.41633033752441406,2.04080867767334
1761399314204451000,2.653451171875,-0.8357113003730774,0.012693405151367188,1.7623547315597534
1761399314224606200,2.673606201171875,-1.0776106119155884,1.047532081604004,1.4971158504486084
1761399314244766000,2.693765869140625,-1.1600407361984253,1.2830109596252441,0.4350159168243408
1761399314264942300,2.7139423828125,-1.1422131061553955,0.9346046447753906,-0.6621227264404297
1761399314285100300,2.734100341796875,-0.10620202869176865,0.6302146911621094,-1.1123323440551758
1761399314305249500,2.75424951171875,1.0597753524780273,0.7197980880737305,-1.229034185409546
1761399314325410300,2.774410400390625,1.2355806827545166,0.7673606872558594,-1.0515708923339844
1761399314345584000,2.794584228515625,0.7583253383636475,0.6188983917236328,-0.8839409351348877
1761399314365744000,2.814744140625,0.3361557126045227,0.8326416015625,-0.7301340103149414
1761399314385899300,2.834899169921875,0.4376426637172699,0.28200340270996094,-0.6944878101348877
1761399314406057200,2.85505712890625,0.4838607907295227,-0.02450084686279297,-0.24535107612609863
1761399314426218000,2.875218017578125,0.9942141175270081,-0.2976541519165039,-0.595599889755249
1761399314446382000,2.895382080078125,0.5504029989242554,-0.47539520263671875,-1.7143704891204834
1761399314466552000,2.915552001953125,-0.15209591388702393,-0.20105266571044922,-1.9581961631774902
1761399314486714600,2.935714599609375,-0.2672015428543091,-0.6154556274414062,-2.1144275665283203
1761399314506876200,2.955876220703125,0.3886154294013977,-0.8132734298706055,-1.8287322521209717
1761399314527026400,2.9760263671875,0.24197626113891602,-0.749755859375,-1.9739129543304443
1761399314547192600,2.996192626953125,0.10689187049865723,-1.2834396362304688,-2.850612163543701
1761399314567360300,3.0163603515625,0.283612459897995,-1.1400089263916016,-3.1117758750915527
1761399314587509000,3.036509033203125,0.8017268776893616,-1.9224176406860352,-1.6650607585906982
1761399314607680800,3.0566806640625,2.0496833324432373,-2.624495506286621,1.6702667474746704
1761399314627831800,3.076831787109375,1.593782663345337,-3.7177181243896484,4.175433158874512
1761399314648006000,3.097005859375,-0.009557783603668213,-5.10689640045166,6.0194010734558105
1761399314668156700,3.11715673828125,-1.1129474639892578,-4.020633697509766,5.859819412231445
1761399314688329000,3.137328857421875,-0.5269078016281128,-2.1232805252075195,3.5966241359710693
1761399314708489700,3.15748974609375,0.15113437175750732,-1.7728033065795898,1.7126243114471436
1761399314728651500,3.177651611328125,-0.657355785369873,-0.9711551666259766,0.5155653953552246
1761399314748809700,3.197809814453125,-1.3803932666778564,0.011179924011230469,0.6398324966430664
1761399314768973800,3.217973876953125,-0.9177926778793335,0.4032602310180664,1.1957740783691406
1761399314789135400,3.23813525390625,-1.7610565423965454,0.3334159851074219,2.965710163116455
1761399314809296600,3.258296630859375,-2.3536410331726074,0.44310855865478516,3.4798996448516846
1761399314829449500,3.278449462890625,-1.6330304145812988,0.6447563171386719,4.0009050369262695
1761399314849614600,3.298614501953125,-1.4441256523132324,1.1528911590576172,4.662788391113281
1761399314869777200,3.318777099609375,-1.4801636934280396,2.0913848876953125,5.511203765869141
1761399314889929700,3.3389296875,-1.3329238891601562,2.643400192260742,5.627403736114502
1761399314910091500,3.359091552734375,-1.4137110710144043,2.667581558227539,4.756863117218018
1761399314930239700,3.37923974609375,-1.4735913276672363,2.3712825775146484,4.000284194946289
1761399314950402000,3.399402099609375,-1.3676350116729736,2.1962642669677734,3.148921489715576
1761399314970557400,3.419557373046875,-0.8662989139556885,1.6186938285827637,1.5947225093841553
1761399314990733000,3.439733154296875,0.5580582618713379,0.5280590057373047,-0.5226225852966309
1761399315010893600,3.4598935546875,3.482879400253296,-0.6222124099731445,-2.464158058166504
1761399315031072000,3.480072021484375,5.642005920410156,-2.766665458679199,-4.140384197235107
1761399315051233500,3.500233642578125,5.408841133117676,-4.116392135620117,-4.595633506774902
1761399315071376400,3.52037646484375,4.495695114135742,-2.6777219772338867,-2.303974151611328
1761399315091549400,3.540549560546875,3.899059772491455,-0.5784368515014648,0.13907766342163086
1761399315111717600,3.560717529296875,2.5081186294555664,-0.8600645065307617,1.8228631019592285
1761399315131879000,3.58087890625,3.6051554679870605,-6.681078910827637,3.422572612762451
1761399315152040700,3.601040771484375,2.3897016048431396,-8.037728309631348,5.526198387145996
1761399315172202200,3.6212021484375,-4.344223976135254,2.4167089462280273,5.093501091003418
1761399315192361200,3.641361328125,-4.290765762329102,5.762042999267578,4.6175456047058105
1761399315212511700,3.66151171875,-5.259690761566162,0.6604881286621094,3.7809531688690186
1761399315232686800,3.681686767578125,-4.5704545974731445,-4.786281585693359,2.8959240913391113
1761399315252836000,3.701836181640625,-2.917562961578369,-4.538871765136719,-0.3226203918457031
1761399315273009000,3.7220087890625,-2.0476436614990234,-0.35578060150146484,-1.130157470703125
1761399315293170000,3.742169921875,-1.0527273416519165,0.21678733825683594,-0.2247600555419922
1761399315313318400,3.762318359375,-0.7291529178619385,0.7155447006225586,0.9068212509155273
1761399315333494300,3.782494384765625,-0.20951786637306213,0.3864021301269531,1.5085785388946533
1761399315353654300,3.802654296875,0.04087147116661072,-0.5478668212890625,2.1708085536956787
1761399315373815600,3.822815673828125,-0.6389997601509094,-0.47227954864501953,3.0978145599365234
1761399315393976600,3.8429765625,-0.966293215751648,1.0120325088500977,2.9040868282318115
1761399315414125800,3.863125732421875,-0.6849257349967957,0.8259515762329102,0.522709846496582
1761399315434299600,3.883299560546875,-0.2664499580860138,0.3270711898803711,-1.769141435623169
1761399315454463200,3.903463134765625,0.7870193719863892,0.4701871871948242,-2.0521209239959717
1761399315474609700,3.923609619140625,1.8672130107879639,0.4654569625854492,-1.0873684883117676
1761399315494784000,3.943783935546875,1.7590408325195312,0.6148004531860352,-0.29670143127441406
1761399315514943200,3.963943115234375,0.8198969960212708,0.9396390914916992,-0.5543820858001709
1761399315535103700,3.984103759765625,0.7413289546966553,0.8747978210449219,-0.5944201946258545
1761399315555276000,4.004276123046875,0.8874413967132568,0.40796852111816406,-0.614032506942749
1761399315575427000,4.024427001953125,0.7199490070343018,0.4261922836303711,-0.709723949432373
1761399315595590700,4.044590576171875,0.3110058903694153,0.7965593338012695,-0.6347227096557617
1761399315615752400,4.06475244140625,0.3807341754436493,0.7049922943115234,-0.5071985721588135
1761399315635911700,4.08491162109375,0.2612568736076355,0.2490987777709961,-0.689697265625
1761399315656074800,4.10507470703125,0.4452745318412781,0.7384939193725586,-0.5870554447174072
1761399315676214000,4.125214111328125,1.0368120670318604,0.018833160400390625,-0.679973840713501
1761399315696385300,4.14538525390625,0.03326290845870972,-0.3848142623901367,-1.442612886428833
1761399315716548600,4.165548583984375,-0.6017322540283203,-0.34440040588378906,-2.573802947998047
1761399315736724500,4.185724365234375,-0.799061119556427,-0.4244422912597656,-2.7785658836364746
1761399315756880000,4.2058798828125,-0.4709419012069702,-1.3885469436645508,-2.7260901927948
1761399315777043500,4.22604345703125,0.620908260345459,-2.77970027923584,-3.154358148574829
1761399315797204200,4.246204345703125,2.636296272277832,-3.6826934814453125,-1.2229044437408447
1761399315817370400,4.266370361328125,3.0051798820495605,-2.8944339752197266,2.5558900833129883
1761399315837514500,4.286514404296875,2.0353283882141113,-3.2797508239746094,5.572932243347168
1761399315857688600,4.3066884765625,0.8048000931739807,-5.370139122009277,7.199843406677246
1761399315877850000,4.32685009765625,-0.21613264083862305,-4.608275413513184,5.933688640594482
1761399315898011400,4.347011474609375,0.070395827293396,-3.015836715698242,3.246042013168335
1761399315918172700,4.367172607421875,-0.24593913555145264,-2.4032859802246094,1.7965168952941895
1761399315938334500,4.38733447265625,-1.536677360534668,-1.3111343383789062,1.442140817642212
1761399315958481700,4.407481689453125,-1.1830568313598633,-0.3850994110107422,1.6439948081970215
1761399315978657000,4.427656982421875,-0.2650635242462158,0.06698226928710938,2.3490028381347656
1761399315998818300,4.447818359375,-0.9200472831726074,0.22016334533691406,3.2409324645996094
1761399316018977800,4.467977783203125,-1.8090604543685913,0.8717069625854492,3.687753677368164
1761399316039141000,4.48814111328125,-1.7660503387451172,1.454512119293213,3.9320836067199707
1761399316059291600,4.508291748046875,-0.9327540397644043,1.9827356338500977,4.4687676429748535
1761399316079428900,4.528428955078125,-0.36290669441223145,2.463460922241211,4.713557243347168
1761399316099612700,4.54861279296875,-0.4740109443664551,2.7653579711914062,4.066046714782715
1761399316119786500,4.568786376953125,-0.9237111806869507,2.5698719024658203,3.1841418743133545
1761399316139935500,4.588935546875,-1.1424670219421387,2.079655647277832,3.176490306854248
1761399316160109300,4.609109375,-1.0619986057281494,1.6847758293151855,3.0668935775756836
1761399316180270600,4.6292705078125,-0.20038318634033203,1.5651435852050781,2.0207748413085938
1761399316200426800,4.6494267578125,1.7435078620910645,1.0983781814575195,0.40256428718566895
1761399316220593200,4.66959326171875,4.950499534606934,-0.9162054061889648,-1.6230134963989258
1761399316240754700,4.689754638671875,5.69451379776001,-3.6368608474731445,-4.24656343460083
1761399316260916200,4.709916259765625,4.841115474700928,-2.1924705505371094,-4.148904800415039
1761399316281062400,4.7300625,4.107541561126709,-0.6286783218383789,-2.084855556488037
1761399316301226200,4.750226318359375,3.008533477783203,0.5508747100830078,-0.4695305824279785
1761399316321387800,4.7703876953125,2.6024327278137207,1.7368011474609375,1.1549444198608398
1761399316341564400,4.790564453125,3.2397661209106445,-2.644768714904785,1.9946727752685547
1761399316361710000,4.8107099609375,4.207004547119141,-8.162087440490723,3.9881749153137207
1761399316381884400,4.830884521484375,-1.5935202836990356,-4.3354082107543945,4.783979415893555
1761399316402044000,4.8510439453125,-3.3858485221862793,3.2952351570129395,4.097354412078857
1761399316422192600,4.871192626953125,-4.057018756866455,2.8714208602905273,3.1640005111694336
1761399316442368500,4.891368408203125,-3.4881091117858887,-0.1551656723022461,2.8209426403045654
1761399316462517000,4.91151708984375,-2.7336535453796387,-1.7829961776733398,2.0523743629455566
1761399316482683100,4.93168310546875,-2.175929546356201,-2.076657295227051,-0.29006433486938477
1761399316502852400,4.951852294921875,-1.2220975160598755,-0.83355712890625,-1.3569674491882324
1761399316523014100,4.97201416015625,0.028162479400634766,0.024130821228027344,-0.9036555290222168
1761399316543175400,4.992175537109375,0.14533168077468872,0.4269142150878906,0.29645848274230957
1761399316563337000,5.0123369140625,0.9850425124168396,-0.01116180419921875,1.6354690790176392
1761399316583486200,5.032486328125,0.5662243962287903,-0.2584381103515625,1.8167444467544556
1761399316603656400,5.052656494140625,0.37450164556503296,0.25995635986328125,1.6423009634017944
1761399316623820800,5.07282080078125,0.5084973573684692,0.802983283996582,0.5057291984558105
1761399316643969800,5.0929697265625,0.008844256401062012,1.0287952423095703,-1.106980562210083
1761399316664129300,5.11312939453125,-0.36082887649536133,1.0508365631103516,-2.1485378742218018
1761399316684284000,5.133283935546875,0.4790434241294861,0.9156408309936523,-3.216038942337036
1761399316704469000,5.153468994140625,1.9684300422668457,0.5014152526855469,-2.972086191177368
1761399316724623600,5.17362353515625,2.5533547401428223,0.29979896545410156,-1.5280845165252686
1761399316744776000,5.19377587890625,2.046760320663452,0.23817157745361328,-0.4323136806488037
1761399316764950500,5.213950439453125,1.3682103157043457,0.4937105178833008,-0.07486557960510254
1761399316785109800,5.23410986328125,1.4234416484832764,0.5492620468139648,-0.12816405296325684
1761399316805273000,5.254273193359375,1.3579134941101074,0.6074361801147461,-0.5968425273895264
1761399316825434400,5.274434326171875,0.8560069799423218,0.4794740676879883,-1.4106581211090088
1761399316845593900,5.29459375,0.5003228783607483,0.24844932556152344,-2.52079176902771
1761399316865757400,5.31475732421875,1.0530242919921875,0.2049722671508789,-2.4472479820251465
1761399316885918500,5.33491845703125,1.5495878458023071,-0.09540939331054688,-1.574507474899292
1761399316906086700,5.355086669921875,1.481786847114563,-0.2600584030151367,-1.291443109512329
1761399316926231000,5.37523095703125,1.0220035314559937,-0.059622764587402344,-2.608842134475708
1761399316946403000,5.395403076171875,1.8045361042022705,0.5154047012329102,-2.9036648273468018
1761399316966556400,5.415556396484375,1.523201584815979,0.19972896575927734,-3.172454833984375
1761399316986725400,5.435725341796875,0.24016380310058594,-1.084122657775879,-3.6970274448394775
1761399317006886700,5.45588671875,0.8381389379501343,-1.9013957977294922,-3.971677780151367
1761399317027048200,5.476048095703125,0.4695419371128082,-1.8914299011230469,-2.7607102394104004
1761399317047189500,5.496189453125,1.3334964513778687,-1.41461181640625,0.2665421962738037
1761399317067371000,5.51637109375,0.9010460376739502,-2.838343620300293,3.086714267730713
1761399317087527200,5.536527099609375,-0.8527512550354004,-5.037696838378906,3.4764657020568848
1761399317107691800,5.55669189453125,-3.144059419631958,-2.3523941040039062,2.5388596057891846
1761399317127854800,5.576854736328125,-2.156949758529663,-0.5503206253051758,-1.0480811595916748
1761399317148003800,5.59700390625,-0.8875794410705566,-0.7991199493408203,-2.585895538330078
1761399317168176000,5.617176025390625,-1.1340616941452026,-0.6229524612426758,-2.122835159301758
1761399317188339500,5.63733935546875,-1.3399746417999268,-0.6948919296264648,-0.6712079048156738
1761399317208500200,5.657500244140625,-1.82759690284729,-0.5997381210327148,0.5065732002258301
1761399317228649000,5.67764892578125,-3.137847900390625,0.04996299743652344,1.1035711765289307
1761399317248810500,5.697810546875,-3.3558778762817383,0.29232215881347656,2.544602155685425
1761399317268985000,5.717985107421875,-2.6180155277252197,0.5057249069213867,2.8684475421905518
1761399317289146400,5.738146484375,-1.772208333015442,-0.08146095275878906,2.731191635131836
1761399317309306000,5.75830615234375,-1.1675397157669067,-0.6307134628295898,2.5333235263824463
1761399317329469200,5.77846923828125,-0.9055343866348267,-0.10297727584838867,2.6656060218811035
1761399317349617400,5.798617431640625,-0.933668851852417,0.9001026153564453,3.3306450843811035
1761399317369779000,5.818779052734375,-0.9470140933990479,0.9721856117248535,3.1668624877929688
1761399317389953300,5.838953369140625,-1.1410713195800781,0.8350281715393066,2.3221545219421387
1761399317430261000,5.879260986328125,-0.6142022609710693,1.9824309349060059,1.188255786895752
1761399317450437400,5.899437255859375,-0.15323972702026367,3.2683472633361816,1.1271748542785645
1761399317470587000,5.9195869140625,-0.07366204261779785,3.887340545654297,0.37900543212890625
1761399317490745000,5.9397451171875,-0.41837120056152344,2.875328540802002,-0.6396889686584473
1761399317510921500,5.95992138671875,-0.9003238677978516,0.027509689331054688,-1.699101448059082
1761399317531071200,5.9800712890625,-0.9562565088272095,-2.919867515563965,-2.7914414405822754
1761399317551241500,6.000241455078125,0.2998166084289551,-3.8262500762939453,-2.586700439453125
1761399317571405600,6.020405517578125,1.5039324760437012,-1.9158906936645508,-1.1119976043701172
1761399317591566800,6.04056689453125,1.603306531906128,0.2673330307006836,0.9384555816650391
1761399317611704300,6.060704345703125,0.1955430507659912,-5.939883232116699,0.9285078048706055
1761399317631889700,6.0808896484375,-1.295543909072876,-15.980088233947754,0.5924720764160156
1761399317652051200,6.10105126953125,-3.9914486408233643,-5.806249618530273,1.6458141803741455
1761399317672212700,6.121212646484375,-3.3741605281829834,5.558441162109375,2.10845947265625
1761399317692373800,6.141373779296875,-5.9783220291137695,7.138424873352051,2.5451583862304688
1761399317712528100,6.161528076171875,-6.245802402496338,2.953144073486328,1.0205950736999512
1761399317732691000,6.18169091796875,-7.029567718505859,-3.4832448959350586,-2.5738821029663086
1761399317752857600,6.201857666015625,-4.53087854385376,-4.620904922485352,-3.6131815910339355
1761399317773019100,6.22201904296875,-3.5642809867858887,-0.8025741577148438,-0.9421613216400146
1761399317793180400,6.242180419921875,-3.48161244392395,0.0164031982421875,1.9687767028808594
1761399317813340000,6.26233984375,-2.0679192543029785,-0.5508708953857422,3.2303261756896973
1761399317833503500,6.28250341796875,-1.421373963356018,-0.4090719223022461,1.9941043853759766
1761399317853664500,6.30266455078125,-1.2902090549468994,-0.11116695404052734,0.016770601272583008
1761399317873825800,6.32282568359375,-1.606926679611206,0.4969215393066406,-0.779498815536499
1761399317893986800,6.34298681640625,-2.233177661895752,0.8877019882202148,-0.6842150688171387
1761399317914148600,6.363148681640625,-2.3858375549316406,0.553980827331543,-0.6822912693023682
1761399317934297000,6.383297119140625,-2.108450412750244,0.18503379821777344,-0.5888724327087402
1761399317954471200,6.40347119140625,-1.8546090126037598,0.04296588897705078,-0.3979051113128662
1761399317974630700,6.423630615234375,-1.1791231632232666,0.08362197875976562,-0.3074352741241455
1761399317994792400,6.44379248046875,-0.9479554891586304,0.09778022766113281,-0.3668479919433594
1761399318014955500,6.46395556640625,-0.9230974912643433,-0.2820005416870117,-0.22588849067687988
1761399318035089400,6.48408935546875,-1.0636491775512695,-0.3180561065673828,-0.6327159404754639
1761399318055265800,6.504265869140625,-0.5541049242019653,-0.2598590850830078,-0.7024283409118652
1761399318075437600,6.5244375,-0.4055790305137634,-0.2765960693359375,-2.2707502841949463
1761399318095601200,6.54460107421875,-0.858264684677124,0.5828676223754883,-2.31868314743042
1761399318115762200,6.56476220703125,-0.8988286256790161,1.0354881286621094,-2.0242438316345215
1761399318135924000,6.584924072265625,-1.1168780326843262,0.8545017242431641,-1.3426218032836914
1761399318156085000,6.6050849609375,-0.9016996622085571,0.23253917694091797,-0.804196834564209
1761399318176234000,6.62523388671875,-0.8898835182189941,-0.5652074813842773,-0.8192257881164551
1761399318196382500,6.645382568359375,-1.3237032890319824,-1.502838134765625,-1.3106207847595215
1761399318216544300,6.665544189453125,-1.4361529350280762,-1.8375129699707031,-2.2070419788360596
1761399318236694800,6.68569482421875,-1.1745223999023438,-0.6419410705566406,-2.483245372772217
1761399318256856600,6.705856689453125,-0.833836555480957,0.037319183349609375,-2.2752692699432373
1761399318277053200,6.72605322265625,-0.3559771776199341,-0.1685924530029297,-1.7136285305023193
1761399318297215000,6.746215087890625,-0.4541276693344116,-0.07613945007324219,-1.044405460357666
1761399318317374000,6.7663740234375,-1.0035324096679688,0.18887901306152344,-0.31963658332824707
1761399318337524700,6.786524658203125,-1.537156581878662,-0.23486900329589844,0.07606649398803711
1761399318357698600,6.806698486328125,-2.5646584033966064,-0.9365425109863281,-0.32270336151123047
1761399318377844700,6.8268447265625,-3.0533220767974854,-1.2345237731933594,-1.2461481094360352
1761399318398009000,6.847009033203125,-3.386322021484375,-0.6738710403442383,-1.503431797027588
1761399318418183200,6.86718310546875,-3.6595981121063232,0.00714874267578125,-1.4976937770843506
1761399318438327000,6.8873271484375,-3.59309720993042,-0.30240821838378906,-1.2807650566101074
1761399318458505500,6.90750537109375,-2.869208335876465,-1.4646987915039062,-0.9013986587524414
1761399318478666500,6.92766650390625,-2.2999658584594727,-2.1291160583496094,-0.09657001495361328
1761399318498828300,6.947828369140625,-2.1473639011383057,-1.9331045150756836,1.0193841457366943
1761399318518987800,6.96798779296875,-1.9980967044830322,-1.0310487747192383,1.6123180389404297
1761399318539154000,6.98815380859375,-2.1412174701690674,-0.7342529296875,2.1209969520568848
1761399318559314400,7.008314453125,-1.778487205505371,-0.8832025527954102,1.940734624862671
1761399318579472100,7.02847216796875,-1.7167010307312012,-0.9990196228027344,1.8601210117340088
1761399318599629000,7.048629150390625,-1.744611382484436,-0.3684110641479492,2.0621492862701416
1761399318619774500,7.0687744140625,-1.3902779817581177,0.48319387435913086,3.740321636199951
1761399318639943400,7.088943359375,-0.7545614242553711,1.2497520446777344,4.8259077072143555
1761399318660119300,7.109119384765625,-0.3841888904571533,1.8785820007324219,4.896584510803223
1761399318680280800,7.12928076171875,-0.026544570922851562,2.831028461456299,3.72528076171875
1761399318700442000,7.149442138671875,0.5682876110076904,3.3408255577087402,2.0981462001800537
1761399318720604200,7.169604248046875,1.0765836238861084,2.927642822265625,0.02791738510131836
1761399318740764700,7.1897646484375,2.2840394973754883,1.2077713012695312,-2.1775684356689453
1761399318760916700,7.209916748046875,2.0861330032348633,-2.3921823501586914,-4.766281604766846
1761399318781087500,7.23008740234375,1.5266799926757812,-5.034198760986328,-6.316360950469971
1761399318801249000,7.2502490234375,2.4458649158477783,-3.305853843688965,-3.5600509643554688
1761399318821410000,7.27041015625,1.028836727142334,-8.0924711227417,-1.6106886863708496
1761399318841569800,7.29056982421875,0.6992107629776001,-11.692363739013672,-0.243133544921875
1761399318861732900,7.31073291015625,-2.662411689758301,-0.33225059509277344,3.0714590549468994
1761399318881894400,7.330894287109375,-1.1497068405151367,8.149222373962402,6.767814636230469
1761399318902054100,7.35105419921875,-3.2127671241760254,8.504390716552734,7.434834003448486
1761399318922216700,7.371216796875,-5.212646484375,2.7446393966674805,7.247238636016846
1761399318942376700,7.391376708984375,-9.082080841064453,-8.071627616882324,1.0864369869232178
1761399318962538200,7.411538330078125,-3.052365779876709,-10.515949249267578,-5.220395088195801
1761399318982701300,7.431701416015625,-0.043204307556152344,-1.6165971755981445,-0.8322334289550781
1761399319002852400,7.451852294921875,-1.1815738677978516,1.7162656784057617,3.185511350631714
1761399319023023600,7.472023681640625,-0.6525484323501587,0.28328514099121094,3.3455188274383545
1761399319043185400,7.492185302734375,-0.87897127866745,-1.6508550643920898,1.9155230522155762
1761399319063335400,7.51233544921875,-1.243512749671936,-1.3858423233032227,1.3602192401885986
1761399319083495200,7.5324951171875,-1.1448907852172852,0.16048240661621094,1.0093247890472412
1761399319103669200,7.552669189453125,-0.8569114804267883,1.4574451446533203,0.9324922561645508
1761399319123830800,7.572830810546875,-0.35577940940856934,1.8133974075317383,0.636528491973877
1761399319143955200,7.592955078125,-0.31528571248054504,1.4075970649719238,0.06828927993774414
1761399319164128500,7.61312841796875,-0.4273451268672943,1.3186016082763672,0.11766362190246582
1761399319184314600,7.633314697265625,-0.29091745615005493,1.9846830368041992,0.5082061290740967
1761399319204475600,7.6534755859375,-0.3525638282299042,1.9256348609924316,0.4545307159423828
1761399319224633300,7.67363330078125,-0.4576324224472046,1.0298137664794922,0.35736632347106934
1761399319244799200,7.69379931640625,-0.0823526531457901,0.17310619354248047,-0.42182374000549316
1761399319264960500,7.71396044921875,0.7433584332466125,0.08513164520263672,-1.1353092193603516
1761399319285119500,7.734119384765625,1.0855398178100586,-0.22849559783935547,-1.3616063594818115
1761399319305282800,7.75428271484375,0.4736023247241974,-1.1121854782104492,-2.504998207092285
1761399319325432600,7.7744326171875,1.2041865587234497,-1.1193838119506836,-1.526580572128296
1761399319345603800,7.794603759765625,0.15069293975830078,-0.9284887313842773,-2.4381368160247803
1761399319365754600,7.814754638671875,-0.06466323137283325,-0.8784170150756836,-3.4958009719848633
1761399319385922300,7.83492236328125,1.3140349388122559,-0.933746337890625,-3.3743672370910645
1761399319406087700,7.855087646484375,0.6772245764732361,-0.12374401092529297,-3.7286696434020996
1761399319426251300,7.875251220703125,-0.7244531512260437,-0.5717983245849609,-6.618853569030762
1761399319446412800,7.895412841796875,-0.9742324948310852,0.23972034454345703,-5.92207145690918
1761399319466561000,7.91556103515625,-0.010417699813842773,0.3695077896118164,-2.9880876541137695
1761399319486735000,7.935735107421875,1.170626163482666,-3.697892189025879,0.550346851348877
1761399319506897000,7.95589697265625,-0.44320762157440186,-5.9444379806518555,3.1904549598693848
1761399319527058200,7.97605810546875,-2.444884777069092,-4.470595359802246,3.6295807361602783
1761399319547219700,7.9962197265625,-3.2598624229431152,-2.430232048034668,1.631972074508667
1761399319567368200,8.0163681640625,-2.3333394527435303,-1.7298583984375,-1.1388006210327148
1761399319587542500,8.03654248046875,-2.127413749694824,-1.1484241485595703,-1.8235437870025635
1761399319607703300,8.056703369140624,-2.484391450881958,-0.20481491088867188,-0.4189033508300781
1761399319627865000,8.076864990234375,-2.9661061763763428,-0.2888307571411133,1.0516784191131592
1761399319648016000,8.097015869140625,-2.860518217086792,-0.5292873382568359,2.606736421585083
1761399319668174600,8.117174560546875,-3.398059368133545,-0.046894073486328125,3.3164968490600586
1761399319688349000,8.137348876953125,-3.533322811126709,0.08574247360229492,4.108748435974121
1761399319708499200,8.157499267578125,-3.3717548847198486,0.1837453842163086,4.612884044647217
1761399319728669700,8.177669677734375,-3.0136308670043945,0.6715607643127441,4.506683826446533
1761399319748833000,8.1978330078125,-2.396620512008667,0.9525408744812012,4.898807525634766
1761399319768994600,8.21799462890625,-2.102876901626587,1.4102725982666016,4.240849494934082
1761399319789132000,8.238132080078126,-1.729344367980957,1.7737560272216797,4.473959445953369
1761399319809317600,8.258317626953126,-1.1599373817443848,1.8795247077941895,4.748098373413086
1761399319829479000,8.27847900390625,-0.2777676582336426,2.0662355422973633,4.09727144241333
1761399319849627100,8.298627197265626,1.363415002822876,1.5896916389465332,2.3125932216644287
1761399319869801700,8.3188017578125,2.4632177352905273,-0.70263671875,-0.9773998260498047
1761399319889951500,8.338951416015625,1.856929063796997,-4.503973007202148,-5.114226818084717
1761399319910112000,8.359112060546876,3.389479160308838,-5.61201286315918,-5.765807151794434
1761399319930272500,8.3792724609375,3.294651985168457,-1.9237442016601562,-3.0650553703308105
1761399319950446800,8.39944677734375,1.5861163139343262,1.4394268989562988,-0.9754781723022461
1761399319970608400,8.4196083984375,1.0078229904174805,5.268365859985352,-0.3032660484313965
1761399319990765600,8.439765625,-0.029642343521118164,0.38233137130737305,-0.8896651268005371
1761399320010930700,8.4599306640625,-3.4581704139709473,-13.471248626708984,0.7034235000610352
1761399320031079700,8.48007958984375,-3.8762011528015137,-11.229593276977539,0.8890643119812012
1761399320051240700,8.50024072265625,-0.26407384872436523,2.0643563270568848,3.021944522857666
1761399320071415000,8.5204150390625,-5.171304225921631,6.100185871124268,6.185425758361816
1761399320091585500,8.54058544921875,-7.036347389221191,4.000748157501221,6.255156993865967
1761399320111737900,8.56073779296875,-6.837643146514893,-3.528130531311035,2.815441131591797
1761399320131899100,8.580899169921874,-4.447722434997559,-8.4515962600708,-0.17209911346435547
1761399320152060700,8.601060791015625,-1.6838942766189575,-1.9212875366210938,-0.399686336517334
1761399320172209700,8.621209716796875,-1.4324162006378174,0.8654208183288574,1.5288498401641846
1761399320192382700,8.6413828125,-1.0138790607452393,-0.5159769058227539,2.0834124088287354
1761399320212544500,8.66154443359375,-0.671267032623291,-0.9398736953735352,2.1977756023406982
1761399320232706000,8.6817060546875,-1.1544699668884277,-0.11228084564208984,1.8874733448028564
1761399320252867300,8.701867431640625,-0.9166865348815918,0.5472402572631836,1.3396985530853271
1761399320273028900,8.72202880859375,-0.9982524514198303,1.013010025024414,1.030104160308838
1761399320293179100,8.74217919921875,-1.4777625799179077,1.30584716796875,0.7850744724273682
1761399320313349400,8.762349365234375,-1.3288551568984985,1.3371572494506836,0.05065584182739258
1761399320333489200,8.7824892578125,-0.9939680099487305,1.330857276916504,-0.5445694923400879
1761399320353674000,8.802674072265624,-0.6153255701065063,1.1880598068237305,-0.8579351902008057
1761399320373833500,8.82283349609375,-0.11262011528015137,0.8325166702270508,-1.1485693454742432
1761399320393973200,8.84297314453125,-0.05109769105911255,0.6535749435424805,-1.074939250946045
1761399320414157600,8.863157470703126,-0.19801688194274902,1.0277032852172852,-0.6832671165466309
1761399320434314000,8.88331396484375,-0.24969260394573212,1.321502685546875,-0.3811953067779541
1761399320454479600,8.903479736328125,-1.123229742050171,1.0183849334716797,-1.1002984046936035
1761399320474628900,8.92362890625,-1.3600316047668457,0.3459901809692383,-1.6970782279968262
1761399320494801700,8.9438017578125,-0.37662309408187866,-0.877314567565918,-1.9340918064117432
1761399320514976300,8.963976318359375,-0.4998970627784729,-1.3955154418945312,-1.935882806777954
1761399320535102500,8.9841025390625,0.4014372229576111,-1.7342643737792969,-1.5090663433074951
1761399320555285800,9.00428564453125,1.2684463262557983,-1.2329072952270508,-1.5411131381988525
1761399320575449000,9.024448974609374,-0.1408102810382843,-0.39766788482666016,-5.232477188110352
1761399320595610400,9.0446103515625,-0.4130690097808838,0.17379283905029297,-6.752812385559082
1761399320615772000,9.06477197265625,-1.5571300983428955,0.22265338897705078,-6.824186325073242
1761399320635931600,9.084931640625,-1.0881562232971191,-0.37641429901123047,-3.6050548553466797
1761399320656094700,9.1050947265625,0.8017852306365967,-3.0005264282226562,0.47092628479003906
1761399320676230700,9.125230712890625,0.8913235664367676,-5.75631046295166,3.23569655418396
1761399320696417500,9.14541748046875,-0.9966541528701782,-5.39915657043457,3.3751730918884277
1761399320716578600,9.16557861328125,-3.1497044563293457,-2.515392303466797,1.8255906105041504
1761399320736740000,9.185739990234374,-2.875112295150757,-0.9705276489257812,-1.0494015216827393
1761399320756899300,9.2058994140625,-2.7806169986724854,-1.7544183731079102,-2.6551826000213623
1761399320777062400,9.2260625,-2.808389186859131,-2.5402469635009766,-1.64217209815979
1761399320797211600,9.246211669921875,-3.1625473499298096,-2.707980155944824,0.10649633407592773
1761399320817383200,9.266383056640626,-3.0528879165649414,-2.4955782890319824,0.9710719585418701
1761399320837534000,9.286533935546874,-3.207887887954712,-1.0716309547424316,2.0929274559020996
1761399320857703400,9.306703369140624,-4.2256646156311035,-0.16695928573608398,2.6066291332244873
1761399320877867500,9.326867431640625,-4.413885593414307,0.4525442123413086,2.2936222553253174
1761399320898031000,9.347031005859375,-4.646607398986816,0.2288355827331543,2.0283167362213135
1761399320918179600,9.3671796875,-4.653586387634277,-0.006934165954589844,2.2748589515686035
1761399320938353700,9.387353759765626,-4.497611045837402,0.18506479263305664,3.2468771934509277
1761399320958508000,9.407508056640625,-4.041894912719727,1.1280207633972168,4.708212375640869
1761399320978676500,9.427676513671875,-3.470792293548584,1.7303438186645508,5.809685707092285
1761399320998825500,9.447825439453124,-2.9795823097229004,1.3606467247009277,5.552905082702637
1761399321018999300,9.467999267578126,-2.7973010540008545,1.2444324493408203,4.936781883239746
1761399321039156200,9.48815625,-2.2600464820861816,1.3056440353393555,4.274046897888184
1761399321059321900,9.50832177734375,-1.1344213485717773,1.340644359588623,3.585524559020996
1761399321079468500,9.528468505859376,0.053908348083496094,1.4138340950012207,2.6176109313964844
1761399321099642600,9.548642578125,0.7817463874816895,1.054781436920166,0.4846987724304199
1761399321119805700,9.5688056640625,1.2268800735473633,-1.6053619384765625,-3.2008233070373535
1761399321139953000,9.588952880859376,1.6459569931030273,-7.999750137329102,-8.536981582641602
1761399321160128000,9.6091279296875,2.307814836502075,-6.625276565551758,-9.349918365478516
1761399321180266800,9.629266845703125,2.103816509246826,-0.6010379791259766,-5.267683506011963
1761399321200447000,9.649447021484375,0.9337184429168701,2.652827739715576,-2.107759475708008
1761399321220600000,9.66960009765625,-1.307646632194519,-3.017864227294922,-1.2728385925292969
1761399321240774700,9.689774658203126,-1.4084663391113281,-8.425374984741211,1.3714702129364014
1761399321260936000,9.70993603515625,-3.4507710933685303,-4.204438209533691,2.112457275390625
1761399321281087700,9.730087646484375,-0.2747814655303955,2.897869110107422,3.038878917694092
1761399321301258000,9.750258056640625,-2.8952884674072266,5.799583435058594,4.600965976715088
1761399321321419500,9.77041943359375,-4.706162452697754,2.706780433654785,6.284893035888672
1761399321341581300,9.790581298828124,-6.260469913482666,-4.149940490722656,3.675386905670166
1761399321361724200,9.81072412109375,-4.130171775817871,-7.052981376647949,0.04461359977722168
1761399321381903600,9.830903564453125,-2.0450961589813232,-0.7462959289550781,-0.6848945617675781
1761399321402053600,9.8510537109375,-1.5846352577209473,1.3625297546386719,0.7942571640014648
1761399321422232300,9.871232421875,-1.227503776550293,0.31493091583251953,1.338961124420166
1761399321442375000,9.891375,-1.220534324645996,-0.21666526794433594,1.9233978986740112
1761399321462523600,9.911523681640626,-1.2692499160766602,-0.11832046508789062,1.690406322479248
1761399321482685200,9.931685302734374,-1.301818609237671,0.30920982360839844,1.3955259323120117
1761399321502835200,9.951835205078124,-1.345358967781067,0.49100589752197266,0.9607176780700684
1761399321523017000,9.972016845703125,-1.2218254804611206,0.3855743408203125,-0.16222548484802246
1761399321543181600,9.992181640625,-0.77884441614151,0.6793527603149414,-1.011112928390503
1761399321563344000,10.01234375,-0.5291914343833923,1.2615890502929688,-1.1386070251464844
1761399321583517200,10.03251708984375,-0.3331593871116638,1.358842372894287,-0.7584574222564697
1761399321603665700,10.052665771484374,-0.3372955322265625,1.435927391052246,-0.6867761611938477
1761399321623827500,10.072827392578125,-0.8691620826721191,1.4698877334594727,-0.9105300903320312
1761399321643991800,10.09299169921875,-1.1214784383773804,0.6918716430664062,-0.9701306819915771
1761399321664156000,10.113156005859375,-0.5397779941558838,0.19692516326904297,-0.4872300624847412
1761399321684290600,10.13329052734375,0.2782532572746277,-0.3038749694824219,-0.3379385471343994
1761399321704484900,10.15348486328125,0.6210789680480957,-0.16106319427490234,0.13605904579162598
1761399321724642800,10.173642822265625,-0.41318750381469727,-0.3534097671508789,-1.0157239437103271
1761399321744808000,10.193807861328125,-0.6425045728683472,-0.46469974517822266,-1.8853843212127686
1761399321764964400,10.21396435546875,0.37189415097236633,-1.0028352737426758,-1.764333963394165
1761399321785118500,10.234118408203125,0.9506728649139404,-0.7758398056030273,-1.8030364513397217
1761399321805293600,10.25429345703125,0.09342661499977112,-0.04987621307373047,-3.929543972015381
1761399321825453600,10.27445361328125,-1.4436397552490234,0.1320343017578125,-6.5257954597473145
1761399321845613000,10.294613037109375,-0.7895917892456055,0.3495063781738281,-6.6844282150268555
1761399321865776400,10.3147763671875,0.05802752450108528,-0.8202600479125977,-3.9412293434143066
1761399321885938200,10.334938232421875,2.2798070907592773,-3.3022851943969727,0.07668948173522949
1761399321906085000,10.355085205078124,1.4957621097564697,-4.997225761413574,2.4766833782196045
1761399321926260700,10.3752607421875,-1.551377773284912,-4.248709678649902,3.190904140472412
1761399321946421500,10.39542138671875,-3.689633846282959,-2.943021774291992,2.288677453994751
1761399321966581000,10.4155810546875,-2.9849648475646973,-1.9102821350097656,-0.39037561416625977
1761399321986732000,10.43573193359375,-0.7035400867462158,-2.1776208877563477,-1.7400779724121094
1761399322006893000,10.45589306640625,-1.4082857370376587,-1.7265148162841797,-1.3022589683532715
1761399322027067100,10.476067138671874,-2.3480372428894043,-0.9141225814819336,0.493868350982666
1761399322047228700,10.496228759765625,-2.651623249053955,-0.3416013717651367,1.5085821151733398
1761399322067390000,10.516389892578125,-3.185131311416626,0.008404731750488281,2.529317855834961
1761399322087551200,10.53655126953125,-4.1456756591796875,0.3597755432128906,2.879589557647705
1761399322107713000,10.556713134765625,-3.6658072471618652,0.9773421287536621,3.334965705871582
1761399322127861000,10.576861083984374,-3.208738327026367,1.1983423233032227,3.928025245666504
1761399322148035000,10.59703515625,-2.307295322418213,1.2847719192504883,3.313876152038574
1761399322168204000,10.6172041015625,-1.6224104166030884,0.8061051368713379,3.538893222808838
1761399322188345900,10.637345947265626,-1.6924586296081543,1.7207870483398438,3.6656267642974854
1761399322208517400,10.657517333984375,-1.6529557704925537,2.6149115562438965,4.743190765380859
1761399322228679000,10.677678955078125,-1.2966184616088867,2.6034154891967773,4.682745456695557
1761399322248842200,10.69784228515625,-0.6761806011199951,2.045736312866211,3.518751382827759
1761399322269003800,10.718003662109375,0.44083619117736816,1.2852811813354492,1.4627337455749512
1761399322289159200,10.7381591796875,1.8344874382019043,-0.009454727172851562,-1.3870134353637695
1761399322309326000,10.758326171875,2.6366093158721924,-2.2924718856811523,-4.535810947418213
1761399322329488000,10.77848779296875,2.2732162475585938,-4.584073066711426,-7.249640941619873
1761399322349646800,10.798646728515624,1.6829357147216797,-3.2446985244750977,-6.095897197723389
1761399322369799200,10.818799072265625,0.6512994766235352,0.08605766296386719,-2.855262279510498
1761399322389965000,10.838965087890625,1.929306983947754,3.9223203659057617,-1.488968849182129
1761399322410120200,10.8591201171875,0.7161471843719482,1.581620216369629,-1.0176401138305664
1761399322430273000,10.87927294921875,-2.035367488861084,-6.572543144226074,-0.39815759658813477
1761399322450433000,10.89943310546875,-3.6174325942993164,-6.6093292236328125,2.3691046237945557
1761399322470617300,10.919617431640624,0.6194732189178467,-1.026289939880371,3.0030689239501953
1761399322490778400,10.9397783203125,-2.319681167602539,2.582406997680664,5.2856221199035645
1761399322510930000,10.959929931640625,-3.5787551403045654,2.496157646179199,5.752039909362793
1761399322531101400,10.980101318359376,-4.257262229919434,-0.19378185272216797,3.395519733428955
1761399322551250000,11.00025,-4.121205806732178,-3.73990535736084,1.049863576889038
1761399322571425500,11.020425537109375,-1.6143854856491089,-1.9645195007324219,-1.1537487506866455
1761399322591586000,11.0405859375,-0.5133683681488037,0.39295101165771484,-0.7582125663757324
1761399322611735600,11.060735595703125,-0.22161155939102173,0.4212455749511719,0.4021492004394531
1761399322631907800,11.080907958984374,-0.48714831471443176,0.005184173583984375,1.9528639316558838
1761399322652069400,11.1010693359375,-0.7377511262893677,0.29752254486083984,2.0583534240722656
1761399322672205800,11.121205810546876,-0.82911616563797,0.8327779769897461,1.2886035442352295
1761399322692392000,11.141391845703126,-0.649326503276825,0.9248256683349609,-0.02194952964782715
1761399322712528100,11.161528076171875,-0.09849467873573303,0.9380350112915039,-1.049757480621338
1761399322732718300,11.18171826171875,0.2788112163543701,0.9854402542114258,-1.5312721729278564
1761399322752876000,11.2018759765625,0.4368182122707367,1.1378850936889648,-1.7606403827667236
1761399322773012700,11.2220126953125,0.6745897531509399,1.3190555572509766,-1.5706257820129395
1761399322793199600,11.24219970703125,0.5705415606498718,1.444427490234375,-1.353175401687622
1761399322813335300,11.262335205078125,0.5366970896720886,1.0012083053588867,-1.043807029724121
1761399322833522400,11.2825224609375,1.0790610313415527,0.4563007354736328,-0.4003028869628906
1761399322853683000,11.302682861328124,1.2009080648422241,0.07732009887695312,-0.5219600200653076
1761399322873845500,11.322845458984375,0.709465742111206,0.09018993377685547,-2.00018048286438
1761399322894006500,11.343006591796875,0.4394940137863159,0.43769264221191406,-2.245007276535034
1761399322914167800,11.363167724609376,0.2945481538772583,0.00113677978515625,-1.7698051929473877
1761399322934328800,11.383328857421875,-0.12539219856262207,-0.4472942352294922,-2.770627021789551
1761399322954489900,11.40348974609375,0.7772501707077026,-0.4826202392578125,-3.0890111923217773
1761399322974651600,11.423651611328125,0.7762656211853027,-0.18865489959716797,-2.1346569061279297
1761399322994779600,11.443779541015624,0.12600409984588623,-1.51800537109375,-3.901712656021118
1761399323014974500,11.463974365234375,0.445914089679718,-0.6206140518188477,-4.310009479522705
1761399323035113700,11.48411376953125,1.1089940071105957,-1.7032861709594727,-3.5475962162017822
1761399323055296800,11.504296875,2.6166632175445557,-2.747671127319336,-0.06691741943359375
1761399323075445200,11.5244453125,2.375882863998413,-4.582075119018555,3.0046298503875732
1761399323095619800,11.544619873046875,0.39144566655158997,-5.507392883300781,5.372173309326172
1761399323115780400,11.5647802734375,-1.4079952239990234,-4.288885116577148,5.259284496307373
1761399323135943000,11.58494287109375,-0.6676716804504395,-2.3732833862304688,3.02207350730896
1761399323156103000,11.60510302734375,0.018322467803955078,-1.9887628555297852,1.105555534362793
1761399323176265500,11.625265380859375,-1.0450458526611328,-1.215315818786621,0.2463071346282959
1761399323196427000,11.645427001953125,-1.1335519552230835,-0.194976806640625,0.5656852722167969
1761399323216562400,11.6655625,-0.5558128356933594,0.25887298583984375,0.9288725852966309
1761399323236749600,11.68574951171875,-1.6859619617462158,0.36578845977783203,2.2917098999023438
1761399323256910300,11.705910400390625,-2.50738525390625,0.5764451026916504,3.270003080368042
1761399323277067500,11.726067626953125,-2.137258291244507,0.8172492980957031,3.7979984283447266
1761399323297233200,11.746233154296876,-1.249826192855835,0.788421630859375,4.8983154296875
1761399323317390000,11.76639013671875,-1.0576212406158447,1.6587858200073242,5.768359184265137
1761399323337556000,11.786555908203125,-1.6080386638641357,2.8580923080444336,6.057629585266113
1761399323357717500,11.806717529296876,-1.9130140542984009,3.505408763885498,5.3865647315979
1761399323377874700,11.826874755859375,-1.804430603981018,3.502033233642578,4.509834289550781
1761399323398040300,11.847040283203125,-1.4224375486373901,3.1154866218566895,3.262312889099121
1761399323418201600,11.86720166015625,-0.6586664915084839,2.2985382080078125,1.703876256942749
1761399323438358300,11.887358154296875,0.8445191383361816,0.7126302719116211,-0.48192453384399414
1761399323458497300,11.907497314453124,3.784731388092041,-1.7209978103637695,-3.5096898078918457
1761399323478685400,11.927685546875,4.764377593994141,-6.786749839782715,-7.060882091522217
1761399323498847000,11.947846923828125,4.604491233825684,-5.341250419616699,-6.036585807800293
1761399323518988000,11.967988037109375,4.691333293914795,-0.7068815231323242,-1.7053070068359375
1761399323539169300,11.988169189453124,3.716766119003296,2.045520782470703,0.7768430709838867
1761399323559330600,12.00833056640625,2.791130781173706,3.619304656982422,2.8815736770629883
1761399323579491600,12.02849169921875,1.8783397674560547,-2.3200159072875977,3.0349223613739014
1761399323599653400,12.0486533203125,-0.297763466835022,-8.812036514282227,3.0223097801208496
1761399323619814100,12.068814208984374,-4.389720916748047,-3.339815139770508,1.059739112854004
1761399323639971800,12.088971923828124,-2.454800605773926,1.2290534973144531,2.972632884979248
1761399323660138200,12.10913818359375,-2.2297446727752686,-0.47382450103759766,3.7813804149627686
1761399323680273200,12.129273193359374,-2.4452943801879883,-0.00034999847412109375,4.174746036529541
1761399323700435000,12.14943505859375,-4.238612651824951,0.3139963150024414,2.8465518951416016
1761399323720596700,12.1695966796875,-4.166858673095703,-2.340412139892578,-0.023004531860351562
1761399323740783400,12.189783447265626,-1.9780791997909546,-2.1007165908813477,-1.028275489807129
1761399323760957000,12.20995703125,-0.10297057032585144,-0.4150505065917969,-0.6976842880249023
1761399323781105400,12.23010546875,0.397451788187027,0.13089847564697266,1.486168622970581
1761399323801267500,12.250267333984375,-0.4034581780433655,-0.10191917419433594,3.3283605575561523
1761399323821403000,12.27040283203125,-1.005338191986084,-0.17216777801513672,2.8141934871673584
1761399323841589200,12.29058935546875,-1.571041464805603,0.4780435562133789,1.01582670211792
1761399323861751000,12.3107509765625,-1.3020102977752686,0.6636829376220703,-0.9224133491516113
1761399323881912300,12.330912353515625,-0.612235426902771,1.047811508178711,-1.388756275177002
1761399323902053000,12.35105322265625,0.4898794889450073,0.9557065963745117,-1.0455312728881836
1761399323922216400,12.371216552734374,1.9175736904144287,0.2713775634765625,-0.14686155319213867
1761399323942396200,12.391396240234375,2.4514384269714355,-0.03463172912597656,0.4850292205810547
1761399323962525000,12.41152490234375,1.9034712314605713,0.03609943389892578,0.2283611297607422
1761399323982718700,12.43171875,0.9544187784194946,0.4552621841430664,-0.014666557312011719
1761399324002873300,12.451873291015625,0.6271783113479614,0.6322088241577148,-0.35192131996154785
1761399324023038000,12.472037841796874,1.3622528314590454,0.6454381942749023,-0.5763661861419678
1761399324043203800,12.492203857421876,1.9188604354858398,0.5747289657592773,-0.9065971374511719
1761399324063365400,12.512365478515624,2.037952184677124,-0.10072803497314453,-1.4519398212432861
1761399324083526400,12.5325263671875,2.1670827865600586,-0.8394126892089844,-0.973017692565918
1761399324103687200,12.552687255859375,0.9386872053146362,-0.3592796325683594,-1.2217607498168945
1761399324123849500,12.572849365234376,0.4888993501663208,0.2547292709350586,-2.2651262283325195
1761399324144010200,12.59301025390625,1.2676222324371338,0.057586669921875,-2.9340195655822754
1761399324164171800,12.613171875,0.6387543678283691,-0.776646614074707,-3.3436198234558105
1761399324184332800,12.633332763671875,1.3194828033447266,-1.289297103881836,-4.057464599609375
1761399324204493800,12.653493896484376,0.23735880851745605,-2.1668262481689453,-3.7799742221832275
1761399324224655400,12.6736552734375,2.2987911701202393,-3.619161605834961,-0.154313325881958
1761399324244818000,12.69381787109375,2.746835947036743,-5.804110527038574,3.8689332008361816
1761399324264978400,12.713978515625,0.5921136140823364,-6.876359939575195,6.831658363342285
1761399324285113300,12.73411328125,-0.5053118467330933,-5.397670745849609,7.140507221221924
1761399324305301200,12.75430126953125,-1.0095092058181763,-2.8671388626098633,4.152176380157471
1761399324325462000,12.7744619140625,-0.13521581888198853,-2.816208839416504,0.5089654922485352
1761399324345611000,12.794611083984375,-1.141857624053955,-2.2922229766845703,-0.15570449829101562
1761399324365784600,12.81478466796875,-1.3487603664398193,-0.879328727722168,0.5680193901062012
1761399324385946400,12.8349462890625,-0.938404381275177,-0.2614717483520508,2.2839176654815674
1761399324406108200,12.855108154296875,-1.6694917678833008,0.23005151748657227,3.572154998779297
1761399324426269400,12.87526953125,-2.4254252910614014,0.6232171058654785,4.183355331420898
1761399324446407200,12.8954072265625,-2.4674248695373535,0.45013427734375,4.222249984741211
1761399324466591500,12.915591552734375,-1.8096117973327637,0.7743668556213379,4.545623779296875
1761399324486753000,12.9357529296875,-1.2200275659561157,1.386094093322754,5.905191421508789
1761399324506914300,12.955914306640626,-1.332196831703186,2.407711982727051,6.30071496963501
1761399324527072500,12.976072509765626,-1.800837755203247,2.837498664855957,6.035019397735596
1761399324547237600,12.996237548828125,-2.0146379470825195,2.4597835540771484,5.020389080047607
1761399324567399200,13.016399169921876,-1.4950628280639648,2.311697483062744,3.6888375282287598
1761399324587559700,13.0365595703125,-0.21426129341125488,2.3223934173583984,2.444791078567505
1761399324607721200,13.05672119140625,2.0410282611846924,1.0802674293518066,0.4293332099914551
1761399324627883000,13.076883056640625,5.083984375,-2.4146547317504883,-2.246053695678711
1761399324648044500,13.09704443359375,4.2201128005981445,-6.232125759124756,-5.97697639465332
1761399324668205800,13.117205810546874,4.462516784667969,-4.08516263961792,-5.277641296386719
1761399324688367400,13.137367431640625,3.747612953186035,-0.423095703125,-2.3543200492858887
1761399324708503300,13.15750341796875,3.146576166152954,1.442617416381836,0.725949764251709
1761399324728664600,13.17766455078125,2.7920889854431152,-5.179924964904785,2.129429817199707
1761399324748825000,13.1978251953125,2.8080713748931885,-10.916341781616211,3.410027027130127
1761399324768975600,13.2179755859375,-4.049788951873779,-2.763138771057129,3.7544193267822266
1761399324789154300,13.238154296875,-3.9857306480407715,5.061936378479004,5.819030284881592
1761399324809334800,13.258334716796876,-3.7892847061157227,3.940063953399658,5.996949672698975
1761399324829495800,13.278495849609374,-3.7794837951660156,-1.443441390991211,5.728350639343262
1761399324849622000,13.2986220703125,-3.6548261642456055,-4.968601226806641,2.692089319229126
1761399324869819000,13.31881884765625,-2.0021915435791016,-4.962820053100586,-0.11443424224853516
1761399324889973500,13.338973388671874,-1.9218119382858276,-0.9223918914794922,1.0224120616912842
1761399324910142200,13.35914208984375,-1.7507867813110352,-0.07433795928955078,1.9590301513671875
1761399324930303500,13.379303466796875,-0.397071897983551,-0.7368087768554688,2.225295305252075
1761399324950464300,13.39946435546875,0.2534328103065491,-1.0317039489746094,2.5900683403015137
1761399324970625300,13.419625244140626,-0.28712335228919983,-0.6162986755371094,2.1337339878082275
1761399324990787000,13.439787109375,-0.7319577932357788,0.05047035217285156,1.5370266437530518
1761399325010948600,13.459948486328125,-1.772080659866333,0.9516477584838867,0.7581164836883545
1761399325031110100,13.480110107421876,-1.9911434650421143,1.0701422691345215,-0.7153732776641846
1761399325051272000,13.50027197265625,-0.740623950958252,1.2928872108459473,-1.8041446208953857
1761399325071432200,13.52043212890625,0.5502765774726868,1.3891820907592773,-1.9074807167053223
1761399325091593500,13.540593505859375,1.3072055578231812,0.8376960754394531,-0.8142430782318115
1761399325111751400,13.56075146484375,1.6269601583480835,-0.2941246032714844,-0.17438554763793945
1761399325131916500,13.58091650390625,1.4307377338409424,0.16724395751953125,0.3564894199371338
1761399325152077600,13.60107763671875,1.0832452774047852,0.4842996597290039,-0.5369236469268799
1761399325172235800,13.62123583984375,1.332531452178955,0.6573715209960938,-1.0747253894805908
1761399325192401200,13.641401123046874,1.3045904636383057,0.8117294311523438,-1.700892448425293
1761399325212562200,13.661562255859375,1.2842094898223877,1.0655794143676758,-2.0686213970184326
1761399325232703000,13.681702880859374,1.5072736740112305,-0.02164173126220703,-2.3014299869537354
1761399325252859600,13.701859619140626,2.1327426433563232,-0.4852876663208008,-1.2682843208312988
1761399325273021000,13.72202099609375,0.9657474756240845,-0.4694633483886719,-1.7196273803710938
1761399325293207800,13.742207763671875,1.10160231590271,0.02617168426513672,-2.3618290424346924
1761399325313368800,13.762368896484375,2.0143556594848633,-0.41229724884033203,-2.3236207962036133
1761399325333531000,13.78253076171875,1.0214638710021973,-1.3430309295654297,-2.3555490970611572
1761399325353691100,13.802691162109374,1.5459558963775635,-1.124344825744629,-3.3263490200042725
1761399325373853000,13.82285302734375,0.5571421384811401,-0.7842473983764648,-3.987755537033081
1761399325394014200,13.84301416015625,0.930607795715332,-1.179128646850586,-2.1554763317108154
1761399325414175500,13.863175537109376,3.1607255935668945,-4.218386650085449,1.5248440504074097
1761399325434337800,13.883337890625,2.391066789627075,-7.1111650466918945,4.287117004394531
1761399325454473000,13.903472900390625,-0.34654468297958374,-5.365140914916992,5.373457431793213
1761399325474659300,13.923659423828125,-1.9292651414871216,-2.0668582916259766,2.5254290103912354
1761399325494820900,13.94382080078125,0.17256510257720947,-1.1284494400024414,-1.4440436363220215
1761399325514982100,13.963982177734374,0.01613759994506836,-0.7702713012695312,-2.5269851684570312
1761399325535118600,13.98411865234375,-0.7046254277229309,-0.5216312408447266,-0.9863824844360352
1761399325555280100,14.004280029296876,-0.6870831251144409,-0.2543306350708008,1.1225996017456055
1761399325575466200,14.02446630859375,-1.675523042678833,0.8059720993041992,2.123152256011963
1761399325595627500,14.04462744140625,-2.089958906173706,1.3873419761657715,3.0439558029174805
1761399325615764000,14.064763916015625,-1.8797286748886108,1.2717533111572266,3.44254732131958
1761399325635950800,14.084950927734376,-1.2983322143554688,0.754425048828125,4.099539756774902
1761399325656112400,14.1051123046875,-0.6021275520324707,0.933384895324707,4.730840682983398
1761399325676273400,14.1252734375,-0.6969931125640869,2.0515193939208984,4.551110744476318
1761399325696435000,14.14543505859375,-1.5420923233032227,3.1130051612854004,4.2454729080200195
1761399325716596000,14.165595947265626,-1.9421305656433105,3.280658721923828,3.5893335342407227
1761399325736757200,14.18575732421875,-1.80021071434021,2.9983596801757812,2.437159538269043
1761399325756918500,14.20591845703125,-0.8519339561462402,3.0385894775390625,1.6603081226348877
1761399325777054500,14.226054443359375,0.5152304172515869,2.614149570465088,0.3734707832336426
1761399325797242000,14.2462421875,2.9794046878814697,0.9330997467041016,-1.8793106079101562
1761399325817402600,14.266402587890624,4.99221658706665,-2.661050796508789,-4.664722919464111
1761399325837538800,14.286538818359375,4.0930867195129395,-5.690583229064941,-7.2831830978393555
1761399325857725200,14.30672509765625,3.0005359649658203,-3.076157569885254,-4.670839309692383
1761399325877882400,14.32688232421875,2.1908421516418457,0.15521812438964844,-1.9811391830444336
1761399325898048000,14.347048095703125,3.1102139949798584,3.450636863708496,0.09061145782470703
1761399325918209800,14.367209716796875,2.80389404296875,2.2713403701782227,2.345529556274414
1761399325938367200,14.3873671875,1.1703259944915771,-5.481688499450684,3.6332273483276367
1761399325958532600,14.40753271484375,-3.223740577697754,-7.398812294006348,4.926568508148193
1761399325978668300,14.427668212890625,-0.98668372631073,-1.9033985137939453,2.1975162029266357
1761399325998850600,14.4478505859375,-1.9051992893218994,-0.025017738342285156,3.532311201095581
1761399326018992400,14.467992431640624,-2.0755553245544434,-0.05547142028808594,3.753725528717041
1761399326039178200,14.48817822265625,-3.127761125564575,1.3337292671203613,3.815680503845215
1761399326059339500,14.508339599609375,-4.225193500518799,-1.761861801147461,0.42279815673828125
1761399326079500800,14.528500732421875,-2.4944934844970703,-2.7306137084960938,-2.555758476257324
1761399326099662000,14.548662109375,-0.5675556659698486,0.11273765563964844,-1.549544334411621
1761399326119822600,14.568822509765624,-0.33437126874923706,0.759666919708252,0.4902381896972656
1761399326139984400,14.588984375,0.35394179821014404,0.06741809844970703,2.889556407928467
1761399326160145700,14.609145751953125,-0.19974012672901154,-0.2263174057006836,3.0998120307922363
1761399326180306700,14.629306640625,-0.43645888566970825,0.43797874450683594,1.9278802871704102
1761399326200464600,14.649464599609376,-0.7424272894859314,1.1922683715820312,-0.0551605224609375
1761399326220629500,14.66962939453125,-1.1273868083953857,1.3880348205566406,-1.5326800346374512
1761399326240791000,14.689791015625,-0.229312002658844,1.0255861282348633,-1.936281681060791
1761399326260948500,14.709948486328125,0.7709420919418335,0.6075620651245117,-1.533719539642334
1761399326281089300,14.73008935546875,1.4058668613433838,0.6398258209228516,-0.23660707473754883
1761399326301276000,14.75027587890625,1.289438247680664,0.5466232299804688,0.1034238338470459
1761399326321433000,14.77043310546875,0.9980253577232361,0.2836732864379883,-0.19769001007080078
1761399326341572000,14.790572021484374,0.8345525860786438,0.230712890625,-0.4260985851287842
1761399326361759000,14.810759033203125,0.7582530379295349,0.30464839935302734,-0.7445211410522461
1761399326381895700,14.830895751953125,0.6844632625579834,0.4690103530883789,-1.4106805324554443
1761399326402041300,14.851041259765625,0.10215890407562256,0.2940492630004883,-2.5235278606414795
1761399326422270500,14.8712705078125,0.23567911982536316,-0.31067943572998047,-2.8184971809387207
1761399326442404600,14.891404541015625,0.8750638961791992,-0.6710309982299805,-1.1471822261810303
1761399326462566400,14.91156640625,1.8076070547103882,-1.0242223739624023,0.36353397369384766
1761399326482728200,14.931728271484374,1.1585240364074707,-0.01451873779296875,0.005352973937988281
1761399326502865700,14.95186572265625,-0.3394929766654968,1.0374994277954102,-1.0486640930175781
1761399326523046400,14.97204638671875,-2.663309097290039,0.2307605743408203,-3.074437379837036
1761399326543211500,14.99221142578125,0.11881931126117706,-1.4715213775634766,-3.7978055477142334
1761399326563373000,15.012373046875,0.9662829637527466,-3.816741943359375,-1.5102591514587402
1761399326583534000,15.0325341796875,0.0166245698928833,-3.1920671463012695,1.7660250663757324
1761399326603695400,15.0526953125,-1.8407554626464844,-3.8097410202026367,1.787266731262207
1761399326623856600,15.072856689453126,-5.033616542816162,-3.08132266998291,0.9841575622558594
1761399326644025600,15.093025634765626,-5.451951026916504,-0.21687984466552734,-0.931602954864502
1761399326664155000,15.11315478515625,-3.8809847831726074,0.2357635498046875,-3.8363828659057617
1761399326684341000,15.133341064453125,-3.5030064582824707,-0.47684288024902344,-4.1044440269470215
1761399326704502800,15.153502685546876,-3.696491241455078,-0.4685792922973633,-3.1726584434509277
1761399326724664000,15.1736640625,-3.7670063972473145,-0.9104728698730469,-0.920377254486084
1761399326744802000,15.193802001953125,-4.476291656494141,-0.4750967025756836,0.0839986801147461
1761399326764941800,15.21394189453125,-4.546849727630615,-0.07265949249267578,0.9720230102539062
1761399326785122300,15.234122314453124,-4.016755104064941,0.1264514923095703,1.5405125617980957
1761399326805266400,15.254266357421875,-4.23707389831543,-0.20162677764892578,1.2111246585845947
1761399326825470200,15.27447021484375,-4.380607604980469,-0.7626919746398926,0.650505542755127
1761399326845632000,15.294632080078125,-3.9888577461242676,-1.488173484802246,1.0538253784179688
1761399326865793500,15.31479345703125,-2.7004218101501465,-0.7713437080383301,1.7359919548034668
1761399326885954300,15.334954345703125,-2.137022018432617,-0.048432350158691406,2.619574546813965
1761399326906073000,15.355072998046875,-2.000485897064209,-0.2995948791503906,2.5444226264953613
1761399326926278000,15.37527783203125,-2.5086236000061035,-0.5700702667236328,1.855107307434082
1761399326946438400,15.3954384765625,-2.6529541015625,-0.3099198341369629,1.5320649147033691
1761399326966601000,15.41560107421875,-2.7034194469451904,0.0899510383605957,1.5345687866210938
1761399326986761500,15.435761474609375,-2.4856910705566406,0.2967958450317383,1.510779857635498
1761399327006923300,15.45592333984375,-1.835898756980896,0.14055442810058594,1.103839635848999
1761399327027058700,15.47605859375,-1.6460360288619995,-0.3203420639038086,0.5643625259399414
1761399327047222300,15.49622216796875,-1.3871145248413086,-1.10870361328125,0.1609969139099121
1761399327067407400,15.516407470703125,-0.2576308250427246,-1.1543254852294922,-0.24908781051635742
1761399327087564300,15.536564208984375,-0.020140886306762695,-1.5334835052490234,1.804135799407959
1761399327107730400,15.55673046875,-0.49202752113342285,-0.7444305419921875,2.4688093662261963
1761399327127890400,15.576890380859375,-0.818244218826294,-0.16762924194335938,3.5386781692504883
1761399327148051700,15.5970517578125,-1.4547688961029053,-0.12424373626708984,4.196113586425781
1761399327168213000,15.617212890625,-1.8604466915130615,-5.572386741638184,2.640317678451538
1761399327188372200,15.637372314453126,-1.9256943464279175,-10.553537368774414,-2.0640439987182617
1761399327208537000,15.657537109375,-1.0364569425582886,-2.4563798904418945,-3.057138681411743
1761399327228698400,15.677698486328126,-2.171030044555664,4.763413429260254,-2.5838816165924072
1761399327248859100,15.697859130859374,-3.2450461387634277,6.479182243347168,-1.9304661750793457
1761399327269020000,15.71802001953125,-4.759181976318359,3.2617435455322266,-2.308549404144287
1761399327289182200,15.73818212890625,-3.3523647785186768,0.679295539855957,-1.4560329914093018
1761399327309343200,15.75834326171875,-0.5865617990493774,-0.9909534454345703,-1.885911464691162
1761399327329504500,15.77850439453125,0.1214221715927124,-1.6417760848999023,-2.0759572982788086
1761399327349631500,15.798631591796875,-0.9654773473739624,-0.9232006072998047,-0.8899095058441162
1761399327369827000,15.8188271484375,-1.4903022050857544,-0.11756229400634766,0.5601277351379395
1761399327389985000,15.838985107421875,-1.4826428890228271,0.052459716796875,1.0895872116088867
1761399327410145800,15.859145751953125,-1.294165015220642,0.07723617553710938,0.3196253776550293
1761399327430310700,15.879310546875,-1.5111573934555054,-0.39082813262939453,-0.6075451374053955
1761399327450473000,15.899472900390625,-1.997054100036621,-0.20016002655029297,-0.8838016986846924
1761399327470634200,15.91963427734375,-2.4605979919433594,0.4117879867553711,-1.9091200828552246
1761399327490795300,15.939795166015625,-2.56387996673584,0.42473793029785156,-2.3002073764801025
1761399327510971100,15.95997119140625,-2.439340591430664,-0.04898643493652344,-1.620474100112915
1761399327531118300,15.980118408203126,-2.223334789276123,-0.28632164001464844,-0.7046732902526855
1761399327551279600,16.000279541015626,-2.218991279602051,-0.03311634063720703,-0.26500558853149414
1761399327571440400,16.0204404296875,-2.3203063011169434,-0.00131988525390625,-0.1403369903564453
1761399327591602400,16.0406025390625,-2.3736209869384766,-0.3781852722167969,0.2718191146850586
1761399327611763200,16.06076318359375,-2.1101486682891846,-1.0159549713134766,1.236931324005127
1761399327631883300,16.08088330078125,-1.3600480556488037,-1.2501516342163086,2.065077781677246
1761399327652085800,16.101085693359376,-0.43562400341033936,-1.1592473983764648,1.8803761005401611
1761399327672243000,16.121242919921876,-0.07428896427154541,-0.4917478561401367,1.4752967357635498
1761399327692408800,16.141408935546874,-0.06913542747497559,-0.29688358306884766,1.1710913181304932
1761399327712544500,16.16154443359375,-0.2725040316581726,-0.3400125503540039,1.0779781341552734
1761399327732726800,16.181726806640626,-0.6549152135848999,-0.23701190948486328,1.203568935394287
1761399327752892700,16.201892578125,-0.9265406727790833,-0.23279953002929688,0.6845498085021973
1761399327773015800,16.222015869140623,-0.8519518375396729,-0.19721603393554688,0.17664599418640137
1761399327793215200,16.24221533203125,-0.4162863492965698,0.07647037506103516,-0.16886687278747559
1761399327813376300,16.262376220703125,0.5693467855453491,-0.1359424591064453,-0.21442198753356934
1761399327833513200,16.28251318359375,1.1597360372543335,-0.3351936340332031,-0.0163424015045166
1761399327853699600,16.302699462890626,1.8548381328582764,-0.5581245422363281,-0.05271005630493164
1761399327873838300,16.32283837890625,1.7058557271957397,-1.2274284362792969,-0.40323829650878906
1761399327894022000,16.34302197265625,1.4730377197265625,-1.2708282470703125,0.06422758102416992
1761399327914183200,16.36318310546875,1.2323791980743408,-0.30248546600341797,1.092165470123291
1761399327934345700,16.383345703125,-0.3639662265777588,-0.9864664077758789,1.3283751010894775
1761399327954506500,16.403506591796877,-0.8038074970245361,0.06506538391113281,1.7380975484848022
1761399327974667000,16.4236669921875,-0.6376215219497681,1.1490545272827148,1.2619853019714355
1761399327994803700,16.4438037109375,-0.40647387504577637,1.3427276611328125,1.0983269214630127
1761399328014964700,16.46396484375,-0.22317075729370117,1.09808349609375,1.2100214958190918
1761399328035126500,16.48412646484375,-0.2332603931427002,1.0792245864868164,1.3849513530731201
1761399328055276300,16.5042763671875,-0.335430383682251,1.1814861297607422,1.5950181484222412
1761399328075458000,16.5244580078125,-0.6625826358795166,1.4110918045043945,1.80458664894104
1761399328095635200,16.54463525390625,-0.7482591867446899,1.0949010848999023,1.7821035385131836
1761399328115781400,16.564781494140625,0.1336965560913086,0.2744569778442383,1.7094529867172241
1761399328135959000,16.584958984375,1.1154563426971436,0.005183219909667969,1.5341891050338745
1761399328156095000,16.605094970703124,1.8514047861099243,-0.8973789215087891,0.8899123668670654
1761399328176281000,16.625281005859375,1.7923566102981567,-2.0258779525756836,-0.2180941104888916
1761399328196442600,16.645442626953123,0.6768577098846436,-3.4826250076293945,-1.585005760192871
1761399328216604000,16.66560400390625,0.3238356113433838,-1.7607965469360352,-0.8673274517059326
1761399328236765200,16.68576513671875,0.38498783111572266,0.5473203659057617,-0.17518258094787598
1761399328256926200,16.70592626953125,0.3451106548309326,1.0790166854858398,-0.7728104591369629
1761399328277049900,16.7260498046875,0.601435661315918,1.277151107788086,-1.361358642578125
1761399328297250000,16.74625,0.6271188259124756,1.1679553985595703,-1.5660157203674316
1761399328317421000,16.766421142578125,0.12224733829498291,0.7818136215209961,-1.1192898750305176
1761399328337546000,16.7865458984375,-0.8409727215766907,-0.1786346435546875,-0.05447816848754883
1761399328357732900,16.80673291015625,-0.8411113023757935,-0.689361572265625,0.6881282329559326
1761399328377894100,16.82689404296875,0.04256647825241089,-0.20438289642333984,0.5497901439666748
1761399328398056400,16.847056396484376,0.6852721571922302,-0.19154739379882812,0.08832526206970215
1761399328418218000,16.867218017578125,0.7581153512001038,0.16208553314208984,-0.3970053195953369
1761399328438355500,16.88735546875,0.20086359977722168,0.28150463104248047,0.5240478515625
1761399328458514700,16.9075146484375,-0.4736146926879883,-0.2200145721435547,0.7504792213439941
1761399328478704400,16.927704345703123,-0.11360496282577515,-0.6301631927490234,0.18660736083984375
1761399328498858200,16.947858154296874,0.2740405797958374,-0.47722816467285156,-0.36327624320983887
1761399328519024000,16.968024169921875,0.613909900188446,0.007790565490722656,-0.3455212116241455
1761399328539185700,16.988185546875,0.7702481746673584,-0.7153987884521484,-0.05002164840698242
1761399328559342800,17.0083427734375,0.38237541913986206,-2.160679817199707,0.1390702724456787
1761399328579507500,17.028507568359377,0.14358967542648315,-3.219970703125,-0.052786827087402344
1761399328599670300,17.048670166015626,0.35347241163253784,-3.2039871215820312,-1.169145107269287
1761399328619831300,17.068831298828126,0.42518067359924316,-2.691385269165039,-1.7731671333312988
1761399328639955200,17.088955078125,0.06103193759918213,-3.486602783203125,-1.0367388725280762
1761399328660152600,17.109152587890627,0.7097453474998474,-2.831742286682129,0.43443989753723145
1761399328680315400,17.1293154296875,0.4693625867366791,-3.369929313659668,0.5244052410125732
1761399328700458500,17.14945849609375,0.2533261775970459,-3.152986526489258,-0.2614731788635254
1761399328720646000,17.16964599609375,0.8623681664466858,-1.6080780029296875,-1.0187747478485107
1761399328740798500,17.189798583984373,1.4522699117660522,-0.9376335144042969,-0.6766972541809082
1761399328760956000,17.209955810546877,1.3690842390060425,-0.5930337905883789,-0.28055357933044434
1761399328781122000,17.2301220703125,1.039315938949585,0.6139554977416992,0.3295459747314453
1761399328801286700,17.25028662109375,1.0162675380706787,0.8815498352050781,0.21283769607543945
1761399328821439700,17.270439697265626,2.4032723903656006,1.5321545600891113,1.2372453212738037
1761399328841606000,17.29060595703125,5.376165866851807,2.552999496459961,1.0313549041748047
1761399328861767000,17.310766845703125,4.574895858764648,2.5598721504211426,0.3587174415588379
1761399328881924000,17.330924072265624,4.486146450042725,2.831728935241699,-0.3274064064025879
1761399328902089700,17.35108984375,-6.277340888977051,3.7360639572143555,1.621053695678711
1761399328922250800,17.371250732421874,-7.396867275238037,3.417634963989258,2.050184726715088
1761399328942412500,17.39141259765625,1.0191054344177246,3.2994260787963867,0.025498390197753906
1761399328962553600,17.4115537109375,2.119856357574463,3.4233388900756836,-1.5352349281311035
1761399328982713900,17.4317138671875,-0.015899658203125,2.335358142852783,-0.5504515171051025
1761399329002896100,17.451896240234376,-1.370856523513794,2.7390384674072266,0.45076966285705566
1761399329023058400,17.472058349609377,-0.8953143358230591,1.5570287704467773,-1.6865549087524414
1761399329043218700,17.49221875,1.181532621383667,-0.9970912933349609,-1.0743374824523926
1761399329063380000,17.5123798828125,-1.0962278842926025,-2.1094589233398438,0.21164727210998535
1761399329083534000,17.5325341796875,-1.722779631614685,-1.2612552642822266,1.7215021848678589
1761399329103678000,17.552677978515625,1.6320126056671143,-0.6961259841918945,2.0029659271240234
1761399329123858700,17.572858642578126,1.9405467510223389,-1.5838956832885742,0.8069627285003662
1761399329144026000,17.593026123046876,8.496865272521973,-2.2690420150756836,-0.16256141662597656
1761399329164161800,17.613161865234375,8.074174880981445,-3.2498550415039062,-1.6657168865203857
1761399329184349400,17.633349365234373,4.108357906341553,-4.419713973999023,-0.47516798973083496
1761399329204509700,17.653509765625,0.7111771106719971,-3.6622371673583984,0.3860684633255005
1761399329224671700,17.673671630859374,-0.06777739524841309,-1.7882699966430664,-0.5705070495605469
1761399329244832300,17.693832275390626,1.1065356731414795,0.6253471374511719,-1.1917126178741455
1761399329264985900,17.71398583984375,2.344888687133789,2.7172412872314453,-1.9111967086791992
1761399329285156000,17.734156005859376,2.0296196937561035,2.683837890625,-1.419814109802246
1761399329305291800,17.754291748046874,0.7162351608276367,0.5712933540344238,-2.5294430255889893
1761399329325478700,17.774478759765625,-3.1084001064300537,0.36823225021362305,-2.892465829849243
1761399329345639200,17.79463916015625,-6.254703521728516,0.1033172607421875,-2.929419994354248
1761399329365800400,17.814800537109374,-4.865018844604492,0.13486909866333008,-2.050811290740967
1761399329385962800,17.834962646484374,3.8822455406188965,-3.0237793922424316,6.476387977600098
1761399329406123300,17.855123291015627,-0.8764042854309082,-0.6739263534545898,-3.348332166671753
1761399329426266600,17.8752666015625,1.6708698272705078,-1.2457280158996582,-1.5332316160202026
1761399329446446600,17.895446533203124,-1.5393280982971191,-1.6569819450378418,1.152124285697937
1761399329466582000,17.91558203125,-0.07699394226074219,-1.6663451194763184,0.18635118007659912
1761399329486769700,17.935769775390625,-1.6792035102844238,-2.3961668014526367,-0.09225589036941528
1761399329506905300,17.9559052734375,-2.7338948249816895,-3.636788845062256,-0.2957320213317871
1761399329527087900,17.976087890625,-1.8910536766052246,-2.3021023273468018,-0.35953986644744873
1761399329547245600,17.99624560546875,-0.593505859375,-3.471428394317627,-1.105972170829773
1761399329567415000,18.0164150390625,1.589095115661621,-2.781508445739746,4.902050971984863
1761399329587571500,18.036571533203126,-2.6995134353637695,-0.9519598484039307,5.682783126831055
1761399329607737300,18.0567373046875,-1.7105350494384766,-0.8572075366973877,-2.3098058700561523
1761399329627899000,18.07689892578125,-1.6655244827270508,-2.500251293182373,-1.2316291332244873
1761399329648056300,18.097056396484376,-2.8668370246887207,-1.6404978036880493,0.3606128692626953
1761399329668221200,18.11722119140625,-1.3326530456542969,0.2524843215942383,-0.3330799341201782
1761399329688358400,18.1373583984375,-1.6837072372436523,-0.17255115509033203,0.5839447975158691
1761399329708544000,18.1575439453125,-1.8997249603271484,-0.7492904663085938,0.7251614332199097
1761399329728704800,18.177704833984375,-1.7607121467590332,-0.49940359592437744,1.3109463453292847
1761399329748866300,18.1978662109375,-1.2146854400634766,-0.1446167230606079,0.7105368375778198
1761399329769027600,18.218027587890624,-0.7035760879516602,-0.06474936008453369,0.5366873741149902
1761399329789189600,18.238189697265625,-0.7164640426635742,0.04774904251098633,0.8264667987823486
1761399329809325600,18.25832568359375,-0.9435024261474609,0.09604024887084961,0.7782082557678223
1761399329829512400,18.278512451171874,-0.7909259796142578,0.345096230506897,0.6238758563995361
1761399329849675300,18.29867529296875,-0.3175954818725586,0.40985631942749023,0.4978989362716675
1761399329869809400,18.318809326171873,0.011281013488769531,0.3668856620788574,0.38003379106521606
1761399329889995500,18.33899560546875,0.19495201110839844,0.3777381181716919,0.5154573917388916
1761399329910153200,18.3591533203125,-0.01761627197265625,0.21603870391845703,0.6351077556610107
1761399329930318300,18.379318359375,-0.6025562286376953,0.44827568531036377,0.7299287915229797
1761399329950480000,18.39947998046875,0.04555225372314453,0.4198249578475952,0.5743858218193054
1761399329970634200,18.41963427734375,0.28630828857421875,0.549079418182373,0.3860958218574524
1761399329990803000,18.439802978515626,0.11419391632080078,0.6327863931655884,0.3630874752998352
1761399330010964500,18.459964599609375,-0.05595874786376953,0.5265077352523804,0.659970760345459
